{
   "products": [
     {
       
       "title": "Gudetama Sticker",
       "description": "2 Packs of Gudetama Sticker",
       "price": 10.55,
       "color":"Yellow",
       "src": "images/photo01.jpg",
       "alt": "stickers"
     },

     {
      
       "title": "Gudetama Mug",
       "description": "Yellow Gudetama Mug",
       "price": 15.00,
       "color":"Yellow",
       "src": "images/photo02.jpg",
       "alt": "Mug"
     }, 

     {
      
       "title": "Gudetama Pens",
       "description": "10 Gudetama Pens",
       "price": 8.50,
       "color":"Yellow",
       "src": "images/photo03.jpg",
       "alt": "pens"
     },

     {
       
       "title": "Gudetama Phone Case",
       "description": "Phone Cases with different Gudetama Styles",
       "price": 18.99,
       "color":"Yellow",
       "src": "images/photo04.jpg",
       "alt": "phone case"
     },

     {
       
       "title": "Plush Toy",
       "description": "Gudetama The Lazy Egg Plush Toy ",
       "price": 12.50,
       "color":"Yellow",
       "src": "images/photo05.jpg",
       "alt": "plush toy"
     },

     {
       
       "title": "Pillow ",
       "description": "Gudetama Body Pillow",
       "price": 25.50,
       "color":"Yellow",
       "src": "images/photo06.jpg",
       "alt": "bodypillow"
     }, 

     {
       
       "title": "Gudetama T-Shirt",
       "description": "Cracked Egg Gudetama, T-Shirt",
       "price": 15.50,
       "color":"Orange",
       "src": "images/photo07.jpg",
       "alt": "t-shirt"
     }, 

     {
      
       "title": "Gudetama Slippers",
       "description": "2 Pairs of Gudetama Slippers",
       "price": 16.50,
       "color":"Yellow & White",
       "src": "images/photo08.jpg",
       "alt": "slippers"
     }, 

     {
      
       "title": "Gudetama Airpod Case",
       "description": "Cracked Egg, Airpod Case",
       "price": 10.50,
       "color":"Yellow & White",
       "src": "images/photo09.jpg",
       "alt": "airpod case"
     }, 

     {
      
       "title": "Gudetama Chair Pillow",
       "description": "Gudetama Chair Pillow ",
       "price": 22.50,
       "color":"Yellow & White",
       "src": "images/photo10.jpg",
       "alt": "chair"
     }

    
   ]
 }
 